login,name,company,location,email,hireable,bio,public_repos,followers,following,created_at
tarsius,,,,,,,0,0,0,
aalmiray,,,,,,,0,0,0,
marcoroth,,,,,,,0,0,0,
klmr,,,,,,,0,0,0,
MrNeRF,,,,,,,0,0,0,
dpryan79,,,,,,,0,0,0,
ParthS007,,,,,,,0,0,0,
quantumjim,,,,,,,0,0,0,
odan,,,,,,,0,0,0,
JuergenGutsch,,,,,,,0,0,0,
v7b1,,,,,,,0,0,0,
a-r-j,,,,,,,0,0,0,
fzenke,,,,,,,0,0,0,
eleanor-em,,,,,,,0,0,0,
dengemann,,,,,,,0,0,0,
imagejan,,,,,,,0,0,0,
charnley,,,,,,,0,0,0,
rneher,,,,,,,0,0,0,
syzer,,,,,,,0,0,0,
jkarni,,,,,,,0,0,0,
maehr,,,,,,,0,0,0,
galderz,,,,,,,0,0,0,
wasserth,,,,,,,0,0,0,
ahankinson,,,,,,,0,0,0,
underdoeg,,,,,,,0,0,0,
maysam,,,,,,,0,0,0,
yperbasis,,,,,,,0,0,0,
alexarnimueller,,,,,,,0,0,0,
MaxGfeller,,,,,,,0,0,0,
andersx,,,,,,,0,0,0,
